{"validation_loss": 4.536479473114014, "bleu": 7.407993477146753}